{
    "name": "root",
    "metadata": {
        "timer_format_version": "0.1.0",
        "start_time_seconds": "1649951974",
        "python_version": "3.8.7 (tags/v3.8.7:6503f05, Dec 21 2020, 17:59:51) [MSC v.1928 64 bit (AMD64)]",
        "command_line_arguments": "C:\\Users\\USER\\AppData\\Local\\Programs\\Python\\Python38\\Scripts\\mlagents-learn --run-id=test1 --resume",
        "mlagents_version": "0.27.0",
        "mlagents_envs_version": "0.27.0",
        "communication_protocol_version": "1.5.0",
        "pytorch_version": "1.7.0+cpu",
        "numpy_version": "1.22.3",
        "end_time_seconds": "1649952081"
    },
    "total": 107.69209000000001,
    "count": 1,
    "self": 0.07318390000001784,
    "children": {
        "run_training.setup": {
            "total": 0.49892809999999876,
            "count": 1,
            "self": 0.49892809999999876
        },
        "TrainerController.start_learning": {
            "total": 107.11997799999999,
            "count": 1,
            "self": 0.03940470000000573,
            "children": {
                "TrainerController._reset_env": {
                    "total": 27.592338400000003,
                    "count": 1,
                    "self": 27.592338400000003
                },
                "TrainerController.advance": {
                    "total": 77.88797009999998,
                    "count": 131,
                    "self": 0.04589180000000681,
                    "children": {
                        "env_step": {
                            "total": 77.70152830000004,
                            "count": 131,
                            "self": 76.09114360000001,
                            "children": {
                                "SubprocessEnvManager._take_step": {
                                    "total": 1.5917340999999752,
                                    "count": 131,
                                    "self": 0.08894239999997922,
                                    "children": {
                                        "TorchPolicy.evaluate": {
                                            "total": 1.502791699999996,
                                            "count": 131,
                                            "self": 0.19085789999994773,
                                            "children": {
                                                "TorchPolicy.sample_actions": {
                                                    "total": 1.3119338000000482,
                                                    "count": 131,
                                                    "self": 1.3119338000000482
                                                }
                                            }
                                        }
                                    }
                                },
                                "workers": {
                                    "total": 0.018650600000050588,
                                    "count": 130,
                                    "self": 0.0,
                                    "children": {
                                        "worker_root": {
                                            "total": 77.76944359999995,
                                            "count": 130,
                                            "is_parallel": true,
                                            "self": 3.3510883999998953,
                                            "children": {
                                                "steps_from_proto": {
                                                    "total": 0.004869600000002805,
                                                    "count": 1,
                                                    "is_parallel": true,
                                                    "self": 0.0029254000000022984,
                                                    "children": {
                                                        "_process_rank_one_or_two_observation": {
                                                            "total": 0.0019442000000005066,
                                                            "count": 2,
                                                            "is_parallel": true,
                                                            "self": 0.0019442000000005066
                                                        }
                                                    }
                                                },
                                                "UnityEnvironment.step": {
                                                    "total": 74.41348560000004,
                                                    "count": 130,
                                                    "is_parallel": true,
                                                    "self": 0.06693969999999183,
                                                    "children": {
                                                        "UnityEnvironment._generate_step_input": {
                                                            "total": 0.06252830000009979,
                                                            "count": 130,
                                                            "is_parallel": true,
                                                            "self": 0.06252830000009979
                                                        },
                                                        "communicator.exchange": {
                                                            "total": 74.09407099999999,
                                                            "count": 130,
                                                            "is_parallel": true,
                                                            "self": 74.09407099999999
                                                        },
                                                        "steps_from_proto": {
                                                            "total": 0.18994659999997054,
                                                            "count": 130,
                                                            "is_parallel": true,
                                                            "self": 0.11672980000000521,
                                                            "children": {
                                                                "_process_rank_one_or_two_observation": {
                                                                    "total": 0.07321679999996533,
                                                                    "count": 260,
                                                                    "is_parallel": true,
                                                                    "self": 0.07321679999996533
                                                                }
                                                            }
                                                        }
                                                    }
                                                }
                                            }
                                        }
                                    }
                                }
                            }
                        },
                        "trainer_advance": {
                            "total": 0.14054999999994067,
                            "count": 130,
                            "self": 0.034995499999922686,
                            "children": {
                                "process_trajectory": {
                                    "total": 0.10555450000001798,
                                    "count": 130,